kode_provinsi,nama_provinsi,kelompok_usia,tahun,persentase_buta_huruf
11,Prov. Nanggroe Aceh Darussalam,15+,2003,3.72
11,Prov. Nanggroe Aceh Darussalam,15+,2004,4.31
11,Prov. Nanggroe Aceh Darussalam,15+,2005,
11,Prov. Nanggroe Aceh Darussalam,15+,2006,5.73
11,Prov. Nanggroe Aceh Darussalam,15+,2007,5.49
11,Prov. Nanggroe Aceh Darussalam,15+,2008,4.06
11,Prov. Nanggroe Aceh Darussalam,15+,2009,3.61
11,Prov. Nanggroe Aceh Darussalam,15+,2010,3.12
11,Prov. Nanggroe Aceh Darussalam,15+,2011,4.16
11,Prov. Nanggroe Aceh Darussalam,15+,2012,3.89
11,Prov. Nanggroe Aceh Darussalam,15-44,2003,1.28
11,Prov. Nanggroe Aceh Darussalam,15-44,2004,1.39
11,Prov. Nanggroe Aceh Darussalam,15-44,2005,
11,Prov. Nanggroe Aceh Darussalam,15-44,2006,2.44
11,Prov. Nanggroe Aceh Darussalam,15-44,2007,2.09
11,Prov. Nanggroe Aceh Darussalam,15-44,2008,1.11
11,Prov. Nanggroe Aceh Darussalam,15-44,2009,0.88
11,Prov. Nanggroe Aceh Darussalam,15-44,2010,0.74
11,Prov. Nanggroe Aceh Darussalam,15-44,2011,1.28
11,Prov. Nanggroe Aceh Darussalam,15-44,2012,1
11,Prov. Nanggroe Aceh Darussalam,45+,2003,10.8
11,Prov. Nanggroe Aceh Darussalam,45+,2004,12.6
11,Prov. Nanggroe Aceh Darussalam,45+,2005,
11,Prov. Nanggroe Aceh Darussalam,45+,2006,14.81
11,Prov. Nanggroe Aceh Darussalam,45+,2007,14.48
11,Prov. Nanggroe Aceh Darussalam,45+,2008,11.71
11,Prov. Nanggroe Aceh Darussalam,45+,2009,10.79
11,Prov. Nanggroe Aceh Darussalam,45+,2010,9.3
11,Prov. Nanggroe Aceh Darussalam,45+,2011,12.21
11,Prov. Nanggroe Aceh Darussalam,45+,2012,11.95
12,Prov. Sumatera Utara,15+,2003,3.2
12,Prov. Sumatera Utara,15+,2004,3.36
12,Prov. Sumatera Utara,15+,2005,3.61
12,Prov. Sumatera Utara,15+,2006,3.39
12,Prov. Sumatera Utara,15+,2007,3.27
12,Prov. Sumatera Utara,15+,2008,2.96
12,Prov. Sumatera Utara,15+,2009,2.85
12,Prov. Sumatera Utara,15+,2010,2.68
12,Prov. Sumatera Utara,15+,2011,3.17
12,Prov. Sumatera Utara,15+,2012,2.65
12,Prov. Sumatera Utara,15-44,2003,1.19
12,Prov. Sumatera Utara,15-44,2004,1.21
12,Prov. Sumatera Utara,15-44,2005,1.68
12,Prov. Sumatera Utara,15-44,2006,1.57
12,Prov. Sumatera Utara,15-44,2007,1.51
12,Prov. Sumatera Utara,15-44,2008,0.81
12,Prov. Sumatera Utara,15-44,2009,0.61
12,Prov. Sumatera Utara,15-44,2010,0.51
12,Prov. Sumatera Utara,15-44,2011,1.66
12,Prov. Sumatera Utara,15-44,2012,1.11
12,Prov. Sumatera Utara,45+,2003,8.69
12,Prov. Sumatera Utara,45+,2004,9.25
12,Prov. Sumatera Utara,45+,2005,8.74
12,Prov. Sumatera Utara,45+,2006,7.9
12,Prov. Sumatera Utara,45+,2007,7.41
12,Prov. Sumatera Utara,45+,2008,7.85
12,Prov. Sumatera Utara,45+,2009,7.8
12,Prov. Sumatera Utara,45+,2010,7.65
12,Prov. Sumatera Utara,45+,2011,6.85
12,Prov. Sumatera Utara,45+,2012,6.41
13,Prov. Sumatera Barat,15+,2003,4.4
13,Prov. Sumatera Barat,15+,2004,4.27
13,Prov. Sumatera Barat,15+,2005,4.02
13,Prov. Sumatera Barat,15+,2006,4.12
13,Prov. Sumatera Barat,15+,2007,3.9
13,Prov. Sumatera Barat,15+,2008,3.34
13,Prov. Sumatera Barat,15+,2009,3.19
13,Prov. Sumatera Barat,15+,2010,2.91
13,Prov. Sumatera Barat,15+,2011,3.8
13,Prov. Sumatera Barat,15+,2012,3.33
13,Prov. Sumatera Barat,15-44,2003,1.59
13,Prov. Sumatera Barat,15-44,2004,1.53
13,Prov. Sumatera Barat,15-44,2005,1.53
13,Prov. Sumatera Barat,15-44,2006,1.5
13,Prov. Sumatera Barat,15-44,2007,1.76
13,Prov. Sumatera Barat,15-44,2008,0.83
13,Prov. Sumatera Barat,15-44,2009,0.69
13,Prov. Sumatera Barat,15-44,2010,0.55
13,Prov. Sumatera Barat,15-44,2011,1.3
13,Prov. Sumatera Barat,15-44,2012,1.02
13,Prov. Sumatera Barat,45+,2003,10.38
13,Prov. Sumatera Barat,45+,2004,10.07
13,Prov. Sumatera Barat,45+,2005,8.94
13,Prov. Sumatera Barat,45+,2006,9.43
13,Prov. Sumatera Barat,45+,2007,7.97
13,Prov. Sumatera Barat,45+,2008,7.99
13,Prov. Sumatera Barat,45+,2009,7.68
13,Prov. Sumatera Barat,45+,2010,7.29
13,Prov. Sumatera Barat,45+,2011,8.67
13,Prov. Sumatera Barat,45+,2012,7.85
14,Prov. Riau,15+,2003,3.9
14,Prov. Riau,15+,2004,3.59
14,Prov. Riau,15+,2005,2.24
14,Prov. Riau,15+,2006,2.76
14,Prov. Riau,15+,2007,2.72
14,Prov. Riau,15+,2008,2.24
14,Prov. Riau,15+,2009,1.89
14,Prov. Riau,15+,2010,1.65
14,Prov. Riau,15+,2011,2.39
14,Prov. Riau,15+,2012,2.21
14,Prov. Riau,15-44,2003,1.73
14,Prov. Riau,15-44,2004,1.65
14,Prov. Riau,15-44,2005,0.84
14,Prov. Riau,15-44,2006,1.2
14,Prov. Riau,15-44,2007,1.35
14,Prov. Riau,15-44,2008,0.47
14,Prov. Riau,15-44,2009,0.38
14,Prov. Riau,15-44,2010,0.3
14,Prov. Riau,15-44,2011,1.01
14,Prov. Riau,15-44,2012,0.82
14,Prov. Riau,45+,2003,11.78
14,Prov. Riau,45+,2004,11.41
14,Prov. Riau,45+,2005,7
14,Prov. Riau,45+,2006,7.85
14,Prov. Riau,45+,2007,6.85
14,Prov. Riau,45+,2008,7.52
14,Prov. Riau,45+,2009,6.4
14,Prov. Riau,45+,2010,5.99
14,Prov. Riau,45+,2011,7.01
14,Prov. Riau,45+,2012,6.78
15,Prov. Jambi,15+,2003,4.83
15,Prov. Jambi,15+,2004,4.24
15,Prov. Jambi,15+,2005,5.46
15,Prov. Jambi,15+,2006,5.29
15,Prov. Jambi,15+,2007,5.17
15,Prov. Jambi,15+,2008,4.69
15,Prov. Jambi,15+,2009,4.49
15,Prov. Jambi,15+,2010,4.12
15,Prov. Jambi,15+,2011,4.48
15,Prov. Jambi,15+,2012,4.03
15,Prov. Jambi,15-44,2003,2.05
15,Prov. Jambi,15-44,2004,1.41
15,Prov. Jambi,15-44,2005,2.22
15,Prov. Jambi,15-44,2006,2.22
15,Prov. Jambi,15-44,2007,2.15
15,Prov. Jambi,15-44,2008,1.11
15,Prov. Jambi,15-44,2009,0.78
15,Prov. Jambi,15-44,2010,0.68
15,Prov. Jambi,15-44,2011,1.46
15,Prov. Jambi,15-44,2012,1.32
15,Prov. Jambi,45+,2003,13.34
15,Prov. Jambi,45+,2004,12.91
15,Prov. Jambi,45+,2005,15.39
15,Prov. Jambi,45+,2006,13.79
15,Prov. Jambi,45+,2007,13.38
15,Prov. Jambi,45+,2008,14.01
15,Prov. Jambi,45+,2009,13.66
15,Prov. Jambi,45+,2010,12.67
15,Prov. Jambi,45+,2011,12.82
15,Prov. Jambi,45+,2012,11.41
16,Prov. Sumatera Selatan,15+,2003,4.81
16,Prov. Sumatera Selatan,15+,2004,4.31
16,Prov. Sumatera Selatan,15+,2005,4.37
16,Prov. Sumatera Selatan,15+,2006,3.41
16,Prov. Sumatera Selatan,15+,2007,3.34
16,Prov. Sumatera Selatan,15+,2008,2.95
16,Prov. Sumatera Selatan,15+,2009,2.79
16,Prov. Sumatera Selatan,15+,2010,2.64
16,Prov. Sumatera Selatan,15+,2011,3.35
16,Prov. Sumatera Selatan,15+,2012,3.1
16,Prov. Sumatera Selatan,15-44,2003,1.86
16,Prov. Sumatera Selatan,15-44,2004,1.66
16,Prov. Sumatera Selatan,15-44,2005,1.79
16,Prov. Sumatera Selatan,15-44,2006,1.11
16,Prov. Sumatera Selatan,15-44,2007,1.4
16,Prov. Sumatera Selatan,15-44,2008,0.86
16,Prov. Sumatera Selatan,15-44,2009,0.51
16,Prov. Sumatera Selatan,15-44,2010,0.37
16,Prov. Sumatera Selatan,15-44,2011,1.16
16,Prov. Sumatera Selatan,15-44,2012,0.89
16,Prov. Sumatera Selatan,45+,2003,13.18
16,Prov. Sumatera Selatan,45+,2004,11.99
16,Prov. Sumatera Selatan,45+,2005,11.45
16,Prov. Sumatera Selatan,45+,2006,9.29
16,Prov. Sumatera Selatan,45+,2007,8.05
16,Prov. Sumatera Selatan,45+,2008,8
16,Prov. Sumatera Selatan,45+,2009,8.27
16,Prov. Sumatera Selatan,45+,2010,8.1
16,Prov. Sumatera Selatan,45+,2011,9.02
16,Prov. Sumatera Selatan,45+,2012,8.78
17,Prov. Bengkulu,15+,2003,6.41
17,Prov. Bengkulu,15+,2004,5.79
17,Prov. Bengkulu,15+,2005,6.53
17,Prov. Bengkulu,15+,2006,6.31
17,Prov. Bengkulu,15+,2007,6.09
17,Prov. Bengkulu,15+,2008,5.4
17,Prov. Bengkulu,15+,2009,5.1
17,Prov. Bengkulu,15+,2010,4.7
17,Prov. Bengkulu,15+,2011,4.87
17,Prov. Bengkulu,15+,2012,4.31
17,Prov. Bengkulu,15-44,2003,2.64
17,Prov. Bengkulu,15-44,2004,1.96
17,Prov. Bengkulu,15-44,2005,2.44
17,Prov. Bengkulu,15-44,2006,2.42
17,Prov. Bengkulu,15-44,2007,2.36
17,Prov. Bengkulu,15-44,2008,1.2
17,Prov. Bengkulu,15-44,2009,1.03
17,Prov. Bengkulu,15-44,2010,0.82
17,Prov. Bengkulu,15-44,2011,1.37
17,Prov. Bengkulu,15-44,2012,1.06
17,Prov. Bengkulu,45+,2003,17.59
17,Prov. Bengkulu,45+,2004,18.48
17,Prov. Bengkulu,45+,2005,18.62
17,Prov. Bengkulu,45+,2006,17.08
17,Prov. Bengkulu,45+,2007,15.76
17,Prov. Bengkulu,45+,2008,16.15
17,Prov. Bengkulu,45+,2009,14.95
17,Prov. Bengkulu,45+,2010,14.27
17,Prov. Bengkulu,45+,2011,14.07
17,Prov. Bengkulu,45+,2012,12.97
18,Prov. Lampung,15+,2003,8.35
18,Prov. Lampung,15+,2004,6.92
18,Prov. Lampung,15+,2005,7.15
18,Prov. Lampung,15+,2006,7.16
18,Prov. Lampung,15+,2007,6.87
18,Prov. Lampung,15+,2008,6.37
18,Prov. Lampung,15+,2009,5.63
18,Prov. Lampung,15+,2010,5.36
18,Prov. Lampung,15+,2011,4.98
18,Prov. Lampung,15+,2012,4.87
18,Prov. Lampung,15-44,2003,2.76
18,Prov. Lampung,15-44,2004,1.89
18,Prov. Lampung,15-44,2005,2.13
18,Prov. Lampung,15-44,2006,2.12
18,Prov. Lampung,15-44,2007,2.33
18,Prov. Lampung,15-44,2008,0.97
18,Prov. Lampung,15-44,2009,0.68
18,Prov. Lampung,15-44,2010,0.63
18,Prov. Lampung,15-44,2011,1.11
18,Prov. Lampung,15-44,2012,0.91
18,Prov. Lampung,45+,2003,22.95
18,Prov. Lampung,45+,2004,20.2
18,Prov. Lampung,45+,2005,19.29
18,Prov. Lampung,45+,2006,19.64
18,Prov. Lampung,45+,2007,17.15
18,Prov. Lampung,45+,2008,18.08
18,Prov. Lampung,45+,2009,16.13
18,Prov. Lampung,45+,2010,15.53
18,Prov. Lampung,45+,2011,13.93
18,Prov. Lampung,45+,2012,14.07
19,Prov. Kepulauan Bangka Belitung,15+,2003,8.52
19,Prov. Kepulauan Bangka Belitung,15+,2004,6.49
19,Prov. Kepulauan Bangka Belitung,15+,2005,4.56
19,Prov. Kepulauan Bangka Belitung,15+,2006,5.14
19,Prov. Kepulauan Bangka Belitung,15+,2007,5.13
19,Prov. Kepulauan Bangka Belitung,15+,2008,4.66
19,Prov. Kepulauan Bangka Belitung,15+,2009,4.59
19,Prov. Kepulauan Bangka Belitung,15+,2010,4.54
19,Prov. Kepulauan Bangka Belitung,15+,2011,4.4
19,Prov. Kepulauan Bangka Belitung,15+,2012,4.12
19,Prov. Kepulauan Bangka Belitung,15-44,2003,4.8
19,Prov. Kepulauan Bangka Belitung,15-44,2004,2.97
19,Prov. Kepulauan Bangka Belitung,15-44,2005,2.31
19,Prov. Kepulauan Bangka Belitung,15-44,2006,2.09
19,Prov. Kepulauan Bangka Belitung,15-44,2007,2.59
19,Prov. Kepulauan Bangka Belitung,15-44,2008,1.61
19,Prov. Kepulauan Bangka Belitung,15-44,2009,0.86
19,Prov. Kepulauan Bangka Belitung,15-44,2010,0.65
19,Prov. Kepulauan Bangka Belitung,15-44,2011,2.02
19,Prov. Kepulauan Bangka Belitung,15-44,2012,1.53
19,Prov. Kepulauan Bangka Belitung,45+,2003,18.48
19,Prov. Kepulauan Bangka Belitung,45+,2004,15.96
19,Prov. Kepulauan Bangka Belitung,45+,2005,10.77
19,Prov. Kepulauan Bangka Belitung,45+,2006,12.99
19,Prov. Kepulauan Bangka Belitung,45+,2007,11.46
19,Prov. Kepulauan Bangka Belitung,45+,2008,12
19,Prov. Kepulauan Bangka Belitung,45+,2009,13.25
19,Prov. Kepulauan Bangka Belitung,45+,2010,14.03
19,Prov. Kepulauan Bangka Belitung,45+,2011,10.73
19,Prov. Kepulauan Bangka Belitung,45+,2012,11.11
21,Prov. Kepulauan Riau,15+,2003,
21,Prov. Kepulauan Riau,15+,2004,
21,Prov. Kepulauan Riau,15+,2005,4.03
21,Prov. Kepulauan Riau,15+,2006,4.71
21,Prov. Kepulauan Riau,15+,2007,4.33
21,Prov. Kepulauan Riau,15+,2008,4.19
21,Prov. Kepulauan Riau,15+,2009,3.92
21,Prov. Kepulauan Riau,15+,2010,2.81
21,Prov. Kepulauan Riau,15+,2011,2.33
21,Prov. Kepulauan Riau,15+,2012,2.2
21,Prov. Kepulauan Riau,15-44,2003,
21,Prov. Kepulauan Riau,15-44,2004,
21,Prov. Kepulauan Riau,15-44,2005,1.8
21,Prov. Kepulauan Riau,15-44,2006,1.94
21,Prov. Kepulauan Riau,15-44,2007,1.76
21,Prov. Kepulauan Riau,15-44,2008,1.57
21,Prov. Kepulauan Riau,15-44,2009,0.94
21,Prov. Kepulauan Riau,15-44,2010,0.65
21,Prov. Kepulauan Riau,15-44,2011,1.01
21,Prov. Kepulauan Riau,15-44,2012,0.73
21,Prov. Kepulauan Riau,45+,2003,
21,Prov. Kepulauan Riau,45+,2004,
21,Prov. Kepulauan Riau,45+,2005,13.08
21,Prov. Kepulauan Riau,45+,2006,15.34
21,Prov. Kepulauan Riau,45+,2007,15.12
21,Prov. Kepulauan Riau,45+,2008,12.6
21,Prov. Kepulauan Riau,45+,2009,12.53
21,Prov. Kepulauan Riau,45+,2010,11.12
21,Prov. Kepulauan Riau,45+,2011,8.06
21,Prov. Kepulauan Riau,45+,2012,8.41
31,Prov. DKI Jakarta,15+,2003,1.59
31,Prov. DKI Jakarta,15+,2004,1.69
31,Prov. DKI Jakarta,15+,2005,1.68
31,Prov. DKI Jakarta,15+,2006,1.77
31,Prov. DKI Jakarta,15+,2007,1.24
31,Prov. DKI Jakarta,15+,2008,1.26
31,Prov. DKI Jakarta,15+,2009,1.06
31,Prov. DKI Jakarta,15+,2010,0.87
31,Prov. DKI Jakarta,15+,2011,1.17
31,Prov. DKI Jakarta,15+,2012,0.93
31,Prov. DKI Jakarta,15-44,2003,0.49
31,Prov. DKI Jakarta,15-44,2004,0.47
31,Prov. DKI Jakarta,15-44,2005,0.65
31,Prov. DKI Jakarta,15-44,2006,0.62
31,Prov. DKI Jakarta,15-44,2007,0.38
31,Prov. DKI Jakarta,15-44,2008,0.3
31,Prov. DKI Jakarta,15-44,2009,0.28
31,Prov. DKI Jakarta,15-44,2010,0.19
31,Prov. DKI Jakarta,15-44,2011,0.45
31,Prov. DKI Jakarta,15-44,2012,0.2
31,Prov. DKI Jakarta,45+,2003,5.2
31,Prov. DKI Jakarta,45+,2004,5.4
31,Prov. DKI Jakarta,45+,2005,5
31,Prov. DKI Jakarta,45+,2006,5.22
31,Prov. DKI Jakarta,45+,2007,3.63
31,Prov. DKI Jakarta,45+,2008,3.89
31,Prov. DKI Jakarta,45+,2009,3.07
31,Prov. DKI Jakarta,45+,2010,2.77
31,Prov. DKI Jakarta,45+,2011,3.25
31,Prov. DKI Jakarta,45+,2012,3.05
32,Prov. Jawa Barat,15+,2003,6.17
32,Prov. Jawa Barat,15+,2004,6.04
32,Prov. Jawa Barat,15+,2005,5.35
32,Prov. Jawa Barat,15+,2006,5.09
32,Prov. Jawa Barat,15+,2007,4.68
32,Prov. Jawa Barat,15+,2008,4.47
32,Prov. Jawa Barat,15+,2009,4.02
32,Prov. Jawa Barat,15+,2010,3.82
32,Prov. Jawa Barat,15+,2011,4.04
32,Prov. Jawa Barat,15+,2012,3.82
32,Prov. Jawa Barat,15-44,2003,2.13
32,Prov. Jawa Barat,15-44,2004,1.73
32,Prov. Jawa Barat,15-44,2005,1.69
32,Prov. Jawa Barat,15-44,2006,1.57
32,Prov. Jawa Barat,15-44,2007,1.57
32,Prov. Jawa Barat,15-44,2008,0.76
32,Prov. Jawa Barat,15-44,2009,0.54
32,Prov. Jawa Barat,15-44,2010,0.42
32,Prov. Jawa Barat,15-44,2011,0.95
32,Prov. Jawa Barat,15-44,2012,0.89
32,Prov. Jawa Barat,45+,2003,16.06
32,Prov. Jawa Barat,45+,2004,16.82
32,Prov. Jawa Barat,45+,2005,14.04
32,Prov. Jawa Barat,45+,2006,13.03
32,Prov. Jawa Barat,45+,2007,11.25
32,Prov. Jawa Barat,45+,2008,11.99
32,Prov. Jawa Barat,45+,2009,11.25
32,Prov. Jawa Barat,45+,2010,11.54
32,Prov. Jawa Barat,45+,2011,11.24
32,Prov. Jawa Barat,45+,2012,10.72
33,Prov. Jawa Tengah,15+,2003,14.21
33,Prov. Jawa Tengah,15+,2004,13.28
33,Prov. Jawa Tengah,15+,2005,12.59
33,Prov. Jawa Tengah,15+,2006,11.76
33,Prov. Jawa Tengah,15+,2007,11.38
33,Prov. Jawa Tengah,15+,2008,10.76
33,Prov. Jawa Tengah,15+,2009,10.54
33,Prov. Jawa Tengah,15+,2010,10.05
33,Prov. Jawa Tengah,15+,2011,9.66
33,Prov. Jawa Tengah,15+,2012,9.55
33,Prov. Jawa Tengah,15-44,2003,4.24
33,Prov. Jawa Tengah,15-44,2004,3.35
33,Prov. Jawa Tengah,15-44,2005,2.92
33,Prov. Jawa Tengah,15-44,2006,2.53
33,Prov. Jawa Tengah,15-44,2007,2.98
33,Prov. Jawa Tengah,15-44,2008,1.67
33,Prov. Jawa Tengah,15-44,2009,1.53
33,Prov. Jawa Tengah,15-44,2010,1.32
33,Prov. Jawa Tengah,15-44,2011,1.56
33,Prov. Jawa Tengah,15-44,2012,1.44
33,Prov. Jawa Tengah,45+,2003,34.09
33,Prov. Jawa Tengah,45+,2004,32.76
33,Prov. Jawa Tengah,45+,2005,30.43
33,Prov. Jawa Tengah,45+,2006,28.29
33,Prov. Jawa Tengah,45+,2007,25.13
33,Prov. Jawa Tengah,45+,2008,24.92
33,Prov. Jawa Tengah,45+,2009,24.49
33,Prov. Jawa Tengah,45+,2010,23.52
33,Prov. Jawa Tengah,45+,2011,22.96
33,Prov. Jawa Tengah,45+,2012,22.83
34,Prov. D I Yogyakarta,15+,2003,14.25
34,Prov. D I Yogyakarta,15+,2004,14.22
34,Prov. D I Yogyakarta,15+,2005,13.28
34,Prov. D I Yogyakarta,15+,2006,13.57
34,Prov. D I Yogyakarta,15+,2007,12.22
34,Prov. D I Yogyakarta,15+,2008,10.55
34,Prov. D I Yogyakarta,15+,2009,9.82
34,Prov. D I Yogyakarta,15+,2010,9.16
34,Prov. D I Yogyakarta,15+,2011,8.51
34,Prov. D I Yogyakarta,15+,2012,7.98
34,Prov. D I Yogyakarta,15-44,2003,2.46
34,Prov. D I Yogyakarta,15-44,2004,2.21
34,Prov. D I Yogyakarta,15-44,2005,2.1
34,Prov. D I Yogyakarta,15-44,2006,2.29
34,Prov. D I Yogyakarta,15-44,2007,1.53
34,Prov. D I Yogyakarta,15-44,2008,0.74
34,Prov. D I Yogyakarta,15-44,2009,0.67
34,Prov. D I Yogyakarta,15-44,2010,0.62
34,Prov. D I Yogyakarta,15-44,2011,0.6
34,Prov. D I Yogyakarta,15-44,2012,0.33
34,Prov. D I Yogyakarta,45+,2003,35.07
34,Prov. D I Yogyakarta,45+,2004,34.51
34,Prov. D I Yogyakarta,45+,2005,31.28
34,Prov. D I Yogyakarta,45+,2006,31.34
34,Prov. D I Yogyakarta,45+,2007,28.76
34,Prov. D I Yogyakarta,45+,2008,24.87
34,Prov. D I Yogyakarta,45+,2009,22.81
34,Prov. D I Yogyakarta,45+,2010,21.95
34,Prov. D I Yogyakarta,45+,2011,20.49
34,Prov. D I Yogyakarta,45+,2012,19.56
35,Prov. Jawa Timur,15+,2003,16.63
35,Prov. Jawa Timur,15+,2004,15.46
35,Prov. Jawa Timur,15+,2005,14.16
35,Prov. Jawa Timur,15+,2006,12.9
35,Prov. Jawa Timur,15+,2007,12.58
35,Prov. Jawa Timur,15+,2008,12.69
35,Prov. Jawa Timur,15+,2009,12.2
35,Prov. Jawa Timur,15+,2010,11.66
35,Prov. Jawa Timur,15+,2011,11.48
35,Prov. Jawa Timur,15+,2012,10.72
35,Prov. Jawa Timur,15-44,2003,6.23
35,Prov. Jawa Timur,15-44,2004,5.08
35,Prov. Jawa Timur,15-44,2005,4.23
35,Prov. Jawa Timur,15-44,2006,3.54
35,Prov. Jawa Timur,15-44,2007,4.08
35,Prov. Jawa Timur,15-44,2008,2.73
35,Prov. Jawa Timur,15-44,2009,2.59
35,Prov. Jawa Timur,15-44,2010,2.39
35,Prov. Jawa Timur,15-44,2011,2.52
35,Prov. Jawa Timur,15-44,2012,2.19
35,Prov. Jawa Timur,45+,2003,36.68
35,Prov. Jawa Timur,45+,2004,35.69
35,Prov. Jawa Timur,45+,2005,32.14
35,Prov. Jawa Timur,45+,2006,29.13
35,Prov. Jawa Timur,45+,2007,26.48
35,Prov. Jawa Timur,45+,2008,28.24
35,Prov. Jawa Timur,45+,2009,27.2
35,Prov. Jawa Timur,45+,2010,26.22
35,Prov. Jawa Timur,45+,2011,26.28
35,Prov. Jawa Timur,45+,2012,25.1
36,Prov. Banten,15+,2003,6.22
36,Prov. Banten,15+,2004,6.02
36,Prov. Banten,15+,2005,4.37
36,Prov. Banten,15+,2006,4.99
36,Prov. Banten,15+,2007,4.76
36,Prov. Banten,15+,2008,4.79
36,Prov. Banten,15+,2009,4.05
36,Prov. Banten,15+,2010,3.8
36,Prov. Banten,15+,2011,3.75
36,Prov. Banten,15+,2012,3.49
36,Prov. Banten,15-44,2003,2.66
36,Prov. Banten,15-44,2004,2.2
36,Prov. Banten,15-44,2005,1.45
36,Prov. Banten,15-44,2006,1.74
36,Prov. Banten,15-44,2007,2.06
36,Prov. Banten,15-44,2008,1.02
36,Prov. Banten,15-44,2009,0.85
36,Prov. Banten,15-44,2010,0.67
36,Prov. Banten,15-44,2011,1.12
36,Prov. Banten,15-44,2012,0.9
36,Prov. Banten,45+,2003,18.72
36,Prov. Banten,45+,2004,19.58
36,Prov. Banten,45+,2005,14.06
36,Prov. Banten,45+,2006,14.99
36,Prov. Banten,45+,2007,12.94
36,Prov. Banten,45+,2008,15.15
36,Prov. Banten,45+,2009,13.23
36,Prov. Banten,45+,2010,13.01
36,Prov. Banten,45+,2011,12.11
36,Prov. Banten,45+,2012,11.62
51,Prov. Bali,15+,2003,15.56
51,Prov. Bali,15+,2004,14.48
51,Prov. Bali,15+,2005,13.78
51,Prov. Bali,15+,2006,14.21
51,Prov. Bali,15+,2007,14.02
51,Prov. Bali,15+,2008,13.06
51,Prov. Bali,15+,2009,12.78
51,Prov. Bali,15+,2010,11.6
51,Prov. Bali,15+,2011,10.83
51,Prov. Bali,15+,2012,9.83
51,Prov. Bali,15-44,2003,5.32
51,Prov. Bali,15-44,2004,4.32
51,Prov. Bali,15-44,2005,3.95
51,Prov. Bali,15-44,2006,4.41
51,Prov. Bali,15-44,2007,4.38
51,Prov. Bali,15-44,2008,3.2
51,Prov. Bali,15-44,2009,2.86
51,Prov. Bali,15-44,2010,2.63
51,Prov. Bali,15-44,2011,3.15
51,Prov. Bali,15-44,2012,2.09
51,Prov. Bali,45+,2003,36.45
51,Prov. Bali,45+,2004,35.53
51,Prov. Bali,45+,2005,32.8
51,Prov. Bali,45+,2006,33.18
51,Prov. Bali,45+,2007,31.59
51,Prov. Bali,45+,2008,30.69
51,Prov. Bali,45+,2009,29.31
51,Prov. Bali,45+,2010,28.4
51,Prov. Bali,45+,2011,25.4
51,Prov. Bali,45+,2012,24.5
52,Prov. Nusa Tenggara Barat,15+,2003,24.89
52,Prov. Nusa Tenggara Barat,15+,2004,23.15
52,Prov. Nusa Tenggara Barat,15+,2005,21.21
52,Prov. Nusa Tenggara Barat,15+,2006,21.22
52,Prov. Nusa Tenggara Barat,15+,2007,20.25
52,Prov. Nusa Tenggara Barat,15+,2008,20.15
52,Prov. Nusa Tenggara Barat,15+,2009,19.82
52,Prov. Nusa Tenggara Barat,15+,2010,18.95
52,Prov. Nusa Tenggara Barat,15+,2011,16.76
52,Prov. Nusa Tenggara Barat,15+,2012,16.32
52,Prov. Nusa Tenggara Barat,15-44,2003,14.23
52,Prov. Nusa Tenggara Barat,15-44,2004,12.88
52,Prov. Nusa Tenggara Barat,15-44,2005,10.71
52,Prov. Nusa Tenggara Barat,15-44,2006,10.24
52,Prov. Nusa Tenggara Barat,15-44,2007,8.9
52,Prov. Nusa Tenggara Barat,15-44,2008,7.54
52,Prov. Nusa Tenggara Barat,15-44,2009,7.08
52,Prov. Nusa Tenggara Barat,15-44,2010,6.48
52,Prov. Nusa Tenggara Barat,15-44,2011,5.65
52,Prov. Nusa Tenggara Barat,15-44,2012,5.48
52,Prov. Nusa Tenggara Barat,45+,2003,50.16
52,Prov. Nusa Tenggara Barat,45+,2004,49.08
52,Prov. Nusa Tenggara Barat,45+,2005,46.4
52,Prov. Nusa Tenggara Barat,45+,2006,48.03
52,Prov. Nusa Tenggara Barat,45+,2007,45.38
52,Prov. Nusa Tenggara Barat,45+,2008,47.61
52,Prov. Nusa Tenggara Barat,45+,2009,47.19
52,Prov. Nusa Tenggara Barat,45+,2010,46.33
52,Prov. Nusa Tenggara Barat,45+,2011,42.7
52,Prov. Nusa Tenggara Barat,45+,2012,42.38
53,Prov. Nusa Tenggara Timur,15+,2003,15.07
53,Prov. Nusa Tenggara Timur,15+,2004,14.84
53,Prov. Nusa Tenggara Timur,15+,2005,15.05
53,Prov. Nusa Tenggara Timur,15+,2006,13.5
53,Prov. Nusa Tenggara Timur,15+,2007,12.75
53,Prov. Nusa Tenggara Timur,15+,2008,12.34
53,Prov. Nusa Tenggara Timur,15+,2009,12.04
53,Prov. Nusa Tenggara Timur,15+,2010,11.41
53,Prov. Nusa Tenggara Timur,15+,2011,12.37
53,Prov. Nusa Tenggara Timur,15+,2012,11.27
53,Prov. Nusa Tenggara Timur,15-44,2003,6.94
53,Prov. Nusa Tenggara Timur,15-44,2004,6.38
53,Prov. Nusa Tenggara Timur,15-44,2005,7.02
53,Prov. Nusa Tenggara Timur,15-44,2006,6.5
53,Prov. Nusa Tenggara Timur,15-44,2007,6.54
53,Prov. Nusa Tenggara Timur,15-44,2008,4.49
53,Prov. Nusa Tenggara Timur,15-44,2009,4.44
53,Prov. Nusa Tenggara Timur,15-44,2010,3.95
53,Prov. Nusa Tenggara Timur,15-44,2011,5.81
53,Prov. Nusa Tenggara Timur,15-44,2012,5.43
53,Prov. Nusa Tenggara Timur,45+,2003,34.91
53,Prov. Nusa Tenggara Timur,45+,2004,34.81
53,Prov. Nusa Tenggara Timur,45+,2005,33.33
53,Prov. Nusa Tenggara Timur,45+,2006,29.04
53,Prov. Nusa Tenggara Timur,45+,2007,26.15
53,Prov. Nusa Tenggara Timur,45+,2008,28.89
53,Prov. Nusa Tenggara Timur,45+,2009,27.55
53,Prov. Nusa Tenggara Timur,45+,2010,26.7
53,Prov. Nusa Tenggara Timur,45+,2011,25.98
53,Prov. Nusa Tenggara Timur,45+,2012,23.66
61,Prov. Kalimantan Barat,15+,2003,12.43
61,Prov. Kalimantan Barat,15+,2004,11.82
61,Prov. Kalimantan Barat,15+,2005,12.34
61,Prov. Kalimantan Barat,15+,2006,11.01
61,Prov. Kalimantan Barat,15+,2007,10.6
61,Prov. Kalimantan Barat,15+,2008,11.48
61,Prov. Kalimantan Barat,15+,2009,10.3
61,Prov. Kalimantan Barat,15+,2010,9.74
61,Prov. Kalimantan Barat,15+,2011,9.97
61,Prov. Kalimantan Barat,15+,2012,8.87
61,Prov. Kalimantan Barat,15-44,2003,6.24
61,Prov. Kalimantan Barat,15-44,2004,4.85
61,Prov. Kalimantan Barat,15-44,2005,5.23
61,Prov. Kalimantan Barat,15-44,2006,4.69
61,Prov. Kalimantan Barat,15-44,2007,5.02
61,Prov. Kalimantan Barat,15-44,2008,3.78
61,Prov. Kalimantan Barat,15-44,2009,3.68
61,Prov. Kalimantan Barat,15-44,2010,3.29
61,Prov. Kalimantan Barat,15-44,2011,4.24
61,Prov. Kalimantan Barat,15-44,2012,3.04
61,Prov. Kalimantan Barat,45+,2003,31
61,Prov. Kalimantan Barat,45+,2004,32.21
61,Prov. Kalimantan Barat,45+,2005,31.8
61,Prov. Kalimantan Barat,45+,2006,27.71
61,Prov. Kalimantan Barat,45+,2007,24.22
61,Prov. Kalimantan Barat,45+,2008,29.83
61,Prov. Kalimantan Barat,45+,2009,26.42
61,Prov. Kalimantan Barat,45+,2010,25.46
61,Prov. Kalimantan Barat,45+,2011,25.03
61,Prov. Kalimantan Barat,45+,2012,24.19
62,Prov. Kalimantan Tengah,15+,2003,3.84
62,Prov. Kalimantan Tengah,15+,2004,3.77
62,Prov. Kalimantan Tengah,15+,2005,2.5
62,Prov. Kalimantan Tengah,15+,2006,3.65
62,Prov. Kalimantan Tengah,15+,2007,3.36
62,Prov. Kalimantan Tengah,15+,2008,2.73
62,Prov. Kalimantan Tengah,15+,2009,2.61
62,Prov. Kalimantan Tengah,15+,2010,2.52
62,Prov. Kalimantan Tengah,15+,2011,3.14
62,Prov. Kalimantan Tengah,15+,2012,2.52
62,Prov. Kalimantan Tengah,15-44,2003,1.4
62,Prov. Kalimantan Tengah,15-44,2004,0.87
62,Prov. Kalimantan Tengah,15-44,2005,0.83
62,Prov. Kalimantan Tengah,15-44,2006,1.38
62,Prov. Kalimantan Tengah,15-44,2007,1.46
62,Prov. Kalimantan Tengah,15-44,2008,0.71
62,Prov. Kalimantan Tengah,15-44,2009,0.48
62,Prov. Kalimantan Tengah,15-44,2010,0.45
62,Prov. Kalimantan Tengah,15-44,2011,1.22
62,Prov. Kalimantan Tengah,15-44,2012,1.02
62,Prov. Kalimantan Tengah,45+,2003,12.68
62,Prov. Kalimantan Tengah,45+,2004,13.76
62,Prov. Kalimantan Tengah,45+,2005,8.11
62,Prov. Kalimantan Tengah,45+,2006,10.74
62,Prov. Kalimantan Tengah,45+,2007,8.89
62,Prov. Kalimantan Tengah,45+,2008,8.33
62,Prov. Kalimantan Tengah,45+,2009,8.58
62,Prov. Kalimantan Tengah,45+,2010,8.54
62,Prov. Kalimantan Tengah,45+,2011,9.1
62,Prov. Kalimantan Tengah,45+,2012,7.16
63,Prov. Kalimantan Selatan,15+,2003,6.47
63,Prov. Kalimantan Selatan,15+,2004,5.24
63,Prov. Kalimantan Selatan,15+,2005,5.53
63,Prov. Kalimantan Selatan,15+,2006,6.1
63,Prov. Kalimantan Selatan,15+,2007,5.95
63,Prov. Kalimantan Selatan,15+,2008,4.92
63,Prov. Kalimantan Selatan,15+,2009,4.59
63,Prov. Kalimantan Selatan,15+,2010,4.06
63,Prov. Kalimantan Selatan,15+,2011,4.34
63,Prov. Kalimantan Selatan,15+,2012,3.57
63,Prov. Kalimantan Selatan,15-44,2003,2.74
63,Prov. Kalimantan Selatan,15-44,2004,2.09
63,Prov. Kalimantan Selatan,15-44,2005,2.29
63,Prov. Kalimantan Selatan,15-44,2006,2.7
63,Prov. Kalimantan Selatan,15-44,2007,2.36
63,Prov. Kalimantan Selatan,15-44,2008,0.98
63,Prov. Kalimantan Selatan,15-44,2009,0.94
63,Prov. Kalimantan Selatan,15-44,2010,0.78
63,Prov. Kalimantan Selatan,15-44,2011,1.5
63,Prov. Kalimantan Selatan,15-44,2012,0.89
63,Prov. Kalimantan Selatan,45+,2003,17.23
63,Prov. Kalimantan Selatan,45+,2004,14.36
63,Prov. Kalimantan Selatan,45+,2005,14.45
63,Prov. Kalimantan Selatan,45+,2006,14.85
63,Prov. Kalimantan Selatan,45+,2007,15.22
63,Prov. Kalimantan Selatan,45+,2008,14.54
63,Prov. Kalimantan Selatan,45+,2009,13.36
63,Prov. Kalimantan Selatan,45+,2010,12.36
63,Prov. Kalimantan Selatan,45+,2011,11.81
63,Prov. Kalimantan Selatan,45+,2012,10.81
64,Prov. Kalimantan Timur,15+,2003,5.14
64,Prov. Kalimantan Timur,15+,2004,5.03
64,Prov. Kalimantan Timur,15+,2005,4.69
64,Prov. Kalimantan Timur,15+,2006,4.52
64,Prov. Kalimantan Timur,15+,2007,4.3
64,Prov. Kalimantan Timur,15+,2008,3.64
64,Prov. Kalimantan Timur,15+,2009,3.11
64,Prov. Kalimantan Timur,15+,2010,2.95
64,Prov. Kalimantan Timur,15+,2011,3.01
64,Prov. Kalimantan Timur,15+,2012,2.45
64,Prov. Kalimantan Timur,15-44,2003,2.07
64,Prov. Kalimantan Timur,15-44,2004,2.12
64,Prov. Kalimantan Timur,15-44,2005,1.75
64,Prov. Kalimantan Timur,15-44,2006,1.55
64,Prov. Kalimantan Timur,15-44,2007,1.86
64,Prov. Kalimantan Timur,15-44,2008,1.04
64,Prov. Kalimantan Timur,15-44,2009,0.91
64,Prov. Kalimantan Timur,15-44,2010,0.78
64,Prov. Kalimantan Timur,15-44,2011,1.11
64,Prov. Kalimantan Timur,15-44,2012,0.64
64,Prov. Kalimantan Timur,45+,2003,16.12
64,Prov. Kalimantan Timur,45+,2004,15.15
64,Prov. Kalimantan Timur,45+,2005,14.72
64,Prov. Kalimantan Timur,45+,2006,13.61
64,Prov. Kalimantan Timur,45+,2007,11.93
64,Prov. Kalimantan Timur,45+,2008,11.4
64,Prov. Kalimantan Timur,45+,2009,9.36
64,Prov. Kalimantan Timur,45+,2010,9.27
64,Prov. Kalimantan Timur,45+,2011,8.92
64,Prov. Kalimantan Timur,45+,2012,8.14
71,Prov. Sulawesi Utara,15+,2003,1.05
71,Prov. Sulawesi Utara,15+,2004,0.85
71,Prov. Sulawesi Utara,15+,2005,1.13
71,Prov. Sulawesi Utara,15+,2006,1.01
71,Prov. Sulawesi Utara,15+,2007,1.05
71,Prov. Sulawesi Utara,15+,2008,0.85
71,Prov. Sulawesi Utara,15+,2009,0.78
71,Prov. Sulawesi Utara,15+,2010,0.7
71,Prov. Sulawesi Utara,15+,2011,1.15
71,Prov. Sulawesi Utara,15+,2012,1.15
71,Prov. Sulawesi Utara,15-44,2003,0.72
71,Prov. Sulawesi Utara,15-44,2004,0.41
71,Prov. Sulawesi Utara,15-44,2005,0.57
71,Prov. Sulawesi Utara,15-44,2006,0.6
71,Prov. Sulawesi Utara,15-44,2007,0.69
71,Prov. Sulawesi Utara,15-44,2008,0.32
71,Prov. Sulawesi Utara,15-44,2009,0.3
71,Prov. Sulawesi Utara,15-44,2010,0.29
71,Prov. Sulawesi Utara,15-44,2011,0.67
71,Prov. Sulawesi Utara,15-44,2012,0.63
71,Prov. Sulawesi Utara,45+,2003,1.74
71,Prov. Sulawesi Utara,45+,2004,1.82
71,Prov. Sulawesi Utara,45+,2005,2.23
71,Prov. Sulawesi Utara,45+,2006,1.79
71,Prov. Sulawesi Utara,45+,2007,1.74
71,Prov. Sulawesi Utara,45+,2008,1.83
71,Prov. Sulawesi Utara,45+,2009,1.62
71,Prov. Sulawesi Utara,45+,2010,1.43
71,Prov. Sulawesi Utara,45+,2011,2.06
71,Prov. Sulawesi Utara,45+,2012,2.09
72,Prov. Sulawesi Tengah,15+,2003,6.37
72,Prov. Sulawesi Tengah,15+,2004,5.59
72,Prov. Sulawesi Tengah,15+,2005,6.07
72,Prov. Sulawesi Tengah,15+,2006,5.19
72,Prov. Sulawesi Tengah,15+,2007,5.14
72,Prov. Sulawesi Tengah,15+,2008,4.32
72,Prov. Sulawesi Tengah,15+,2009,4.22
72,Prov. Sulawesi Tengah,15+,2010,3.92
72,Prov. Sulawesi Tengah,15+,2011,5.49
72,Prov. Sulawesi Tengah,15+,2012,5.05
72,Prov. Sulawesi Tengah,15-44,2003,3.43
72,Prov. Sulawesi Tengah,15-44,2004,2.58
72,Prov. Sulawesi Tengah,15-44,2005,3.01
72,Prov. Sulawesi Tengah,15-44,2006,2.51
72,Prov. Sulawesi Tengah,15-44,2007,2.89
72,Prov. Sulawesi Tengah,15-44,2008,1.63
72,Prov. Sulawesi Tengah,15-44,2009,1.55
72,Prov. Sulawesi Tengah,15-44,2010,1.14
72,Prov. Sulawesi Tengah,15-44,2011,3.15
72,Prov. Sulawesi Tengah,15-44,2012,2.5
72,Prov. Sulawesi Tengah,45+,2003,15.07
72,Prov. Sulawesi Tengah,45+,2004,14.74
72,Prov. Sulawesi Tengah,45+,2005,15.24
72,Prov. Sulawesi Tengah,45+,2006,12.61
72,Prov. Sulawesi Tengah,45+,2007,11.37
72,Prov. Sulawesi Tengah,45+,2008,11.34
72,Prov. Sulawesi Tengah,45+,2009,11.07
72,Prov. Sulawesi Tengah,45+,2010,10.94
72,Prov. Sulawesi Tengah,45+,2011,11.71
72,Prov. Sulawesi Tengah,45+,2012,11.81
73,Prov. Sulawesi Selatan,15+,2003,16.6
73,Prov. Sulawesi Selatan,15+,2004,15.51
73,Prov. Sulawesi Selatan,15+,2005,15.4
73,Prov. Sulawesi Selatan,15+,2006,14.3
73,Prov. Sulawesi Selatan,15+,2007,13.76
73,Prov. Sulawesi Selatan,15+,2008,13.47
73,Prov. Sulawesi Selatan,15+,2009,12.98
73,Prov. Sulawesi Selatan,15+,2010,12.25
73,Prov. Sulawesi Selatan,15+,2011,11.93
73,Prov. Sulawesi Selatan,15+,2012,11.27
73,Prov. Sulawesi Selatan,15-44,2003,7.61
73,Prov. Sulawesi Selatan,15-44,2004,6.9
73,Prov. Sulawesi Selatan,15-44,2005,7.17
73,Prov. Sulawesi Selatan,15-44,2006,6.07
73,Prov. Sulawesi Selatan,15-44,2007,6.49
73,Prov. Sulawesi Selatan,15-44,2008,4.97
73,Prov. Sulawesi Selatan,15-44,2009,4.72
73,Prov. Sulawesi Selatan,15-44,2010,4.04
73,Prov. Sulawesi Selatan,15-44,2011,4.84
73,Prov. Sulawesi Selatan,15-44,2012,4.13
73,Prov. Sulawesi Selatan,45+,2003,37.81
73,Prov. Sulawesi Selatan,45+,2004,35.6
73,Prov. Sulawesi Selatan,45+,2005,34.64
73,Prov. Sulawesi Selatan,45+,2006,32.87
73,Prov. Sulawesi Selatan,45+,2007,29.49
73,Prov. Sulawesi Selatan,45+,2008,31.34
73,Prov. Sulawesi Selatan,45+,2009,30.02
73,Prov. Sulawesi Selatan,45+,2010,29.21
73,Prov. Sulawesi Selatan,45+,2011,27.61
73,Prov. Sulawesi Selatan,45+,2012,26.74
74,Prov. Sulawesi Tenggara,15+,2003,9.53
74,Prov. Sulawesi Tenggara,15+,2004,9.27
74,Prov. Sulawesi Tenggara,15+,2005,10.01
74,Prov. Sulawesi Tenggara,15+,2006,10.16
74,Prov. Sulawesi Tenggara,15+,2007,9.5
74,Prov. Sulawesi Tenggara,15+,2008,8.85
74,Prov. Sulawesi Tenggara,15+,2009,8.49
74,Prov. Sulawesi Tenggara,15+,2010,8.15
74,Prov. Sulawesi Tenggara,15+,2011,8.71
74,Prov. Sulawesi Tenggara,15+,2012,8.51
74,Prov. Sulawesi Tenggara,15-44,2003,4
74,Prov. Sulawesi Tenggara,15-44,2004,3.26
74,Prov. Sulawesi Tenggara,15-44,2005,3.92
74,Prov. Sulawesi Tenggara,15-44,2006,3.81
74,Prov. Sulawesi Tenggara,15-44,2007,4.53
74,Prov. Sulawesi Tenggara,15-44,2008,2.11
74,Prov. Sulawesi Tenggara,15-44,2009,2.03
74,Prov. Sulawesi Tenggara,15-44,2010,1.96
74,Prov. Sulawesi Tenggara,15-44,2011,3.15
74,Prov. Sulawesi Tenggara,15-44,2012,2.76
74,Prov. Sulawesi Tenggara,45+,2003,27.21
74,Prov. Sulawesi Tenggara,45+,2004,27.43
74,Prov. Sulawesi Tenggara,45+,2005,28.55
74,Prov. Sulawesi Tenggara,45+,2006,28.69
74,Prov. Sulawesi Tenggara,45+,2007,22.94
74,Prov. Sulawesi Tenggara,45+,2008,26.67
74,Prov. Sulawesi Tenggara,45+,2009,25.37
74,Prov. Sulawesi Tenggara,45+,2010,24.43
74,Prov. Sulawesi Tenggara,45+,2011,24.43
74,Prov. Sulawesi Tenggara,45+,2012,25.84
75,Prov. Gorontalo,15+,2003,5.3
75,Prov. Gorontalo,15+,2004,5.34
75,Prov. Gorontalo,15+,2005,4.97
75,Prov. Gorontalo,15+,2006,4.3
75,Prov. Gorontalo,15+,2007,4.25
75,Prov. Gorontalo,15+,2008,4.49
75,Prov. Gorontalo,15+,2009,4.29
75,Prov. Gorontalo,15+,2010,4
75,Prov. Gorontalo,15+,2011,5.31
75,Prov. Gorontalo,15+,2012,4.78
75,Prov. Gorontalo,15-44,2003,3.56
75,Prov. Gorontalo,15-44,2004,3.4
75,Prov. Gorontalo,15-44,2005,3.49
75,Prov. Gorontalo,15-44,2006,3.06
75,Prov. Gorontalo,15-44,2007,3.35
75,Prov. Gorontalo,15-44,2008,1.84
75,Prov. Gorontalo,15-44,2009,1.86
75,Prov. Gorontalo,15-44,2010,1.3
75,Prov. Gorontalo,15-44,2011,3.29
75,Prov. Gorontalo,15-44,2012,2.89
75,Prov. Gorontalo,45+,2003,10.17
75,Prov. Gorontalo,45+,2004,10.72
75,Prov. Gorontalo,45+,2005,9.09
75,Prov. Gorontalo,45+,2006,7.75
75,Prov. Gorontalo,45+,2007,6.63
75,Prov. Gorontalo,45+,2008,11.01
75,Prov. Gorontalo,45+,2009,9.91
75,Prov. Gorontalo,45+,2010,10.58
75,Prov. Gorontalo,45+,2011,10.59
75,Prov. Gorontalo,45+,2012,9.61
76,Prov. Sulawesi Barat,15+,2003,
76,Prov. Sulawesi Barat,15+,2004,
76,Prov. Sulawesi Barat,15+,2005,
76,Prov. Sulawesi Barat,15+,2006,14.1
76,Prov. Sulawesi Barat,15+,2007,13.6
76,Prov. Sulawesi Barat,15+,2008,12.69
76,Prov. Sulawesi Barat,15+,2009,12.41
76,Prov. Sulawesi Barat,15+,2010,11.52
76,Prov. Sulawesi Barat,15+,2011,12.39
76,Prov. Sulawesi Barat,15+,2012,11.21
76,Prov. Sulawesi Barat,15-44,2003,
76,Prov. Sulawesi Barat,15-44,2004,
76,Prov. Sulawesi Barat,15-44,2005,
76,Prov. Sulawesi Barat,15-44,2006,7.57
76,Prov. Sulawesi Barat,15-44,2007,7.52
76,Prov. Sulawesi Barat,15-44,2008,6.7
76,Prov. Sulawesi Barat,15-44,2009,5.48
76,Prov. Sulawesi Barat,15-44,2010,4.94
76,Prov. Sulawesi Barat,15-44,2011,6.49
76,Prov. Sulawesi Barat,15-44,2012,5.97
76,Prov. Sulawesi Barat,45+,2003,
76,Prov. Sulawesi Barat,45+,2004,
76,Prov. Sulawesi Barat,45+,2005,
76,Prov. Sulawesi Barat,45+,2006,31.57
76,Prov. Sulawesi Barat,45+,2007,29.91
76,Prov. Sulawesi Barat,45+,2008,28.82
76,Prov. Sulawesi Barat,45+,2009,29.43
76,Prov. Sulawesi Barat,45+,2010,29.29
76,Prov. Sulawesi Barat,45+,2011,28.39
76,Prov. Sulawesi Barat,45+,2012,24.98
81,Prov. Maluku,15+,2003,2.96
81,Prov. Maluku,15+,2004,2.22
81,Prov. Maluku,15+,2005,3.84
81,Prov. Maluku,15+,2006,3.5
81,Prov. Maluku,15+,2007,3.15
81,Prov. Maluku,15+,2008,2.69
81,Prov. Maluku,15+,2009,2.58
81,Prov. Maluku,15+,2010,2.54
81,Prov. Maluku,15+,2011,3.37
81,Prov. Maluku,15+,2012,2.92
81,Prov. Maluku,15-44,2003,1.38
81,Prov. Maluku,15-44,2004,0.89
81,Prov. Maluku,15-44,2005,2.15
81,Prov. Maluku,15-44,2006,2.21
81,Prov. Maluku,15-44,2007,1.92
81,Prov. Maluku,15-44,2008,1.17
81,Prov. Maluku,15-44,2009,1.05
81,Prov. Maluku,15-44,2010,0.8
81,Prov. Maluku,15-44,2011,1.93
81,Prov. Maluku,15-44,2012,1.64
81,Prov. Maluku,45+,2003,6.66
81,Prov. Maluku,45+,2004,5.92
81,Prov. Maluku,45+,2005,8.29
81,Prov. Maluku,45+,2006,6.98
81,Prov. Maluku,45+,2007,6.19
81,Prov. Maluku,45+,2008,6.29
81,Prov. Maluku,45+,2009,5.87
81,Prov. Maluku,45+,2010,6.58
81,Prov. Maluku,45+,2011,6.93
81,Prov. Maluku,45+,2012,6.14
82,Prov. Maluku Utara,15+,2003,4.46
82,Prov. Maluku Utara,15+,2004,4.84
82,Prov. Maluku Utara,15+,2005,4.82
82,Prov. Maluku Utara,15+,2006,5.59
82,Prov. Maluku Utara,15+,2007,5.35
82,Prov. Maluku Utara,15+,2008,4.56
82,Prov. Maluku Utara,15+,2009,4.26
82,Prov. Maluku Utara,15+,2010,3.92
82,Prov. Maluku Utara,15+,2011,3.99
82,Prov. Maluku Utara,15+,2012,3.57
82,Prov. Maluku Utara,15-44,2003,0.95
82,Prov. Maluku Utara,15-44,2004,2.58
82,Prov. Maluku Utara,15-44,2005,2.06
82,Prov. Maluku Utara,15-44,2006,2.69
82,Prov. Maluku Utara,15-44,2007,2.33
82,Prov. Maluku Utara,15-44,2008,1.15
82,Prov. Maluku Utara,15-44,2009,0.85
82,Prov. Maluku Utara,15-44,2010,0.59
82,Prov. Maluku Utara,15-44,2011,1.87
82,Prov. Maluku Utara,15-44,2012,1.53
82,Prov. Maluku Utara,45+,2003,15.57
82,Prov. Maluku Utara,45+,2004,11.65
82,Prov. Maluku Utara,45+,2005,14.01
82,Prov. Maluku Utara,45+,2006,14.25
82,Prov. Maluku Utara,45+,2007,14.63
82,Prov. Maluku Utara,45+,2008,14.7
82,Prov. Maluku Utara,45+,2009,13.24
82,Prov. Maluku Utara,45+,2010,13.11
82,Prov. Maluku Utara,45+,2011,10.31
82,Prov. Maluku Utara,45+,2012,9.73
91,Prov. Papua Barat,15+,2003,
91,Prov. Papua Barat,15+,2004,
91,Prov. Papua Barat,15+,2005,
91,Prov. Papua Barat,15+,2006,11.45
91,Prov. Papua Barat,15+,2007,9.68
91,Prov. Papua Barat,15+,2008,7.85
91,Prov. Papua Barat,15+,2009,7.06
91,Prov. Papua Barat,15+,2010,4.88
91,Prov. Papua Barat,15+,2011,7.59
91,Prov. Papua Barat,15+,2012,5.26
91,Prov. Papua Barat,15-44,2003,
91,Prov. Papua Barat,15-44,2004,
91,Prov. Papua Barat,15-44,2005,
91,Prov. Papua Barat,15-44,2006,7.95
91,Prov. Papua Barat,15-44,2007,7.6
91,Prov. Papua Barat,15-44,2008,5.58
91,Prov. Papua Barat,15-44,2009,5.01
91,Prov. Papua Barat,15-44,2010,3.34
91,Prov. Papua Barat,15-44,2011,5.53
91,Prov. Papua Barat,15-44,2012,3.75
91,Prov. Papua Barat,45+,2003,
91,Prov. Papua Barat,45+,2004,
91,Prov. Papua Barat,45+,2005,
91,Prov. Papua Barat,45+,2006,22.65
91,Prov. Papua Barat,45+,2007,17.15
91,Prov. Papua Barat,45+,2008,16.15
91,Prov. Papua Barat,45+,2009,13.4
91,Prov. Papua Barat,45+,2010,9.91
91,Prov. Papua Barat,45+,2011,14.9
91,Prov. Papua Barat,45+,2012,10.71
94,Prov. Papua,15+,2003,25.54
94,Prov. Papua,15+,2004,25.78
94,Prov. Papua,15+,2005,28.42
94,Prov. Papua,15+,2006,30.99
94,Prov. Papua,15+,2007,24.94
94,Prov. Papua,15+,2008,27.53
94,Prov. Papua,15+,2009,29.71
94,Prov. Papua,15+,2010,31.73
94,Prov. Papua,15+,2011,35.92
94,Prov. Papua,15+,2012,34.31
94,Prov. Papua,15-44,2003,22.33
94,Prov. Papua,15-44,2004,22.96
94,Prov. Papua,15-44,2005,26.59
94,Prov. Papua,15-44,2006,29.41
94,Prov. Papua,15-44,2007,22.99
94,Prov. Papua,15-44,2008,26.23
94,Prov. Papua,15-44,2009,29.23
94,Prov. Papua,15-44,2010,30.73
94,Prov. Papua,15-44,2011,34.83
94,Prov. Papua,15-44,2012,33.29
94,Prov. Papua,45+,2003,39.21
94,Prov. Papua,45+,2004,38.03
94,Prov. Papua,45+,2005,37.11
94,Prov. Papua,45+,2006,38.52
94,Prov. Papua,45+,2007,32.93
94,Prov. Papua,45+,2008,32.94
94,Prov. Papua,45+,2009,31.7
94,Prov. Papua,45+,2010,36.14
94,Prov. Papua,45+,2011,40.95
94,Prov. Papua,45+,2012,39.08
